prompt,answer
Who are you?,"Okay, the user asked, ""Who are you?"" Let me start by explaining that I'm Qwen, a large language model developed by Alibaba Cloud. I should mention my capabilities, like answering questions, creating text, and assisting with various tasks. I need to keep it friendly and concise. Maybe add a bit about how I can help with different topics. Wait, should I also mention my training data? Probably not necessary here. Let me make sure to highlight my purpose to assist users effectively. Alright, that should cover it without being too technical.
</think>

I am Qwen, a large language model developed by Alibaba Cloud. I'm designed to assist with a wide range of tasks, including answering questions, writing stories, composing emails, creating scripts, performing logical reasoning, coding, and more. My goal is to provide helpful and accurate information across various topics. How can I assist you today?"
What is 2 + 2?,"Okay, so I need to figure out what 2 plus 2 is. Hmm, let's start by recalling basic arithmetic. Addition is combining two numbers to get a total. The numbers here are both 2. 

First, I remember that 2 is a number that comes after 1. When you add another 2, you're essentially counting up. Let me visualize it: if I have two apples and someone gives me two more apples, how many apples do I have in total? That would be 2 and then adding two more, so 2, 3, 4. So that's 4.

Wait, but maybe I should break it down more. Let's think in terms of numbers. 2 plus 2. Starting at 2, if I add 1, that's 3, and then add another 1, that's 4. So 2 + 1 +1 equals 4. That makes sense. 

Alternatively, using the number line, starting at 2 and moving 2 steps to the right: first step is 3, second step is 4. So that's 4 again. 

Is there another way to confirm this? Maybe using fingers. Hold up two fingers on one hand and two on the other. Count them all: 1, 2, 3, 4. Yep, that's four fingers. 

Or thinking in pairs: a pair of shoes is 2, another pair is another 2. Total shoes? 4. 

I could also use simple equations I know. For example, 1 + 1 is 2. So 2 + 2 is like (1+1) + (1+1) which is 2 + 2, but that's circular. Wait, no, actually, breaking it down: (1+1)+(1+1) = 1+1+1+1 = 4. 

Alternatively, multiplication. Since 2 times 2 is 4, but that's a different operation. But maybe that helps confirm. 

Another angle: in binary, 2 is 10. Adding 10 + 10 in binary is 100, which is 4 in decimal. So that checks out. 

Wait, maybe I should check with subtraction. If 4 minus 2 is 2, then adding 2 and 2 should give 4. That works. 

I think all these methods point to the same answer. There's no scenario where 2+2 would be anything else but 4. Unless in some alternative base system, but the question doesn't specify that. Assuming base 10, which is standard. 

So yeah, after considering different approaches—counting, number lines, real-life examples, binary, inverse operations—all confirm that 2 + 2 equals 4. I can't think of any reason it would be different here. So the answer should be 4.
</think>

The result of adding 2 and 2 is calculated as follows:

**2 + 2 = 4**

This is a fundamental arithmetic operation where combining two groups of two items each results in a total of four items. The conclusion is consistent across various methods of verification, such as counting, number lines, real-world examples, and mathematical properties. 

**Answer:** 4"
Why do people wear seatbelts in cars?,"Okay, so I need to figure out why people wear seatbelts in cars. Let me start by thinking about what I know. Seatbelts are those straps you put on before driving or riding in a car. I remember hearing that they're important for safety. But why exactly?

First, maybe it's about physics. When a car stops suddenly, like in a crash, the people inside keep moving forward because of inertia, right? So the seatbelt would keep them from flying forward and hitting the dashboard or windshield. That makes sense. Without a seatbelt, you could hit your head or get thrown out of the car. That's dangerous.

Then there's the law. I think in many places, it's required by law to wear seatbelts. So maybe that's another reason people do it. They don't want to get a ticket. But even if it wasn't the law, the safety aspect is probably the main reason.

Also, seatbelts distribute the force of the collision over a larger area of the body. Instead of the chest or head taking the full impact, the belt spreads it out across the pelvis and chest, which are stronger areas. That reduces injury risk. I've heard that seatbelts prevent ejection from the vehicle too, which is almost always fatal.

Wait, what about airbags? Don't they work with seatbelts? Maybe seatbelts are a primary safety feature, and airbags are a secondary one. So even if you have an airbag, you still need the seatbelt to keep you in position so the airbag can protect you properly.

Another thing is that seatbelts keep you in your seat, so you can control the vehicle better in an accident. If the driver isn't belted, they might be thrown around and lose control, making the accident worse. So it's not just about protecting the passenger but also others on the road.

Statistics probably show that seatbelt use saves lives. Studies might have data on reduced fatalities and injuries when seatbelts are used. That would be a strong reason for people to wear them.

Also, cultural factors. In some places, it's just the norm to put on a seatbelt, so people do it without thinking. Habit and social norms play a role too. Parents teach kids to buckle up, so it becomes second nature.

But maybe some people don't wear them because they feel it's uncomfortable or restrictive. However, the benefits outweigh the minor discomfort. There's also the misconception that in a crash, you might be better off not being restrained, but that's not true. The force of an accident is way too strong for a human body to handle without restraints.

So putting it all together, the main reasons are physics of safety (preventing ejection, reducing impact force), legal requirements, statistical evidence of saving lives, the need to work with other safety features like airbags, and societal norms. I should structure these points clearly, maybe in a list or explanation.
</think>

People wear seatbelts in cars primarily for safety reasons, supported by physics, legal requirements, and societal norms. Here's a structured explanation:

1. **Physics of Safety**:  
   - **Inertia and Impact**: During a sudden stop or collision, seatbelts prevent occupants from continuing forward due to inertia. Without restraints, they could collide with the vehicle interior, increasing injury risk.  
   - **Force Distribution**: Seatbelts spread the force of a crash across stronger parts of the body (pelvis, chest) rather than vulnerable areas like the head or ribs, reducing severe injuries.  
   - **Ejection Prevention**: Seatbelts keep occupants inside the vehicle, where survival rates are far higher than if ejected, which often results in fatal injuries.

2. **Legal Requirements**:  
   - Many countries and regions have laws mandating seatbelt use for drivers and passengers. Compliance avoids fines and penalties, reinforcing the habit of buckling up.

3. **Synergy with Safety Features**:  
   - **Airbags**: Seatbelts ensure occupants are positioned correctly to benefit from airbags, which deploy milliseconds after a crash. Without a seatbelt, an airbag alone may not prevent injury.  
   - **Vehicle Control**: Seatbelts help drivers maintain control during collisions, reducing secondary crashes caused by loss of steering or braking ability.

4. **Statistical Evidence**:  
   - Studies consistently show seatbelts significantly reduce fatalities and serious injuries. For example, the National Highway Traffic Safety Administration (NHTSA) estimates seatbelts saved over 14,000 lives in the U.S. in 2020 alone.

5. **Societal and Cultural Norms**:  
   - Seatbelt use is widely accepted as a responsible behavior, ingrained through education (e.g., parental guidance, public campaigns) and habitual practice. Social pressure and cultural expectations also"
How can I keep ice from melting quickly on a warm day?,"Okay, so I need to figure out how to keep ice from melting quickly on a warm day. Hmm, let's see. I know that ice melts when it's exposed to heat, so maybe I should think about ways to insulate the ice or keep it cool. First, maybe using an insulated container like a thermos or a cooler? Those are designed to keep things cold, right? But how exactly does that work?

Wait, insulation works by reducing the transfer of heat. So if I wrap the ice in something that doesn't conduct heat well, that should help. Materials like foam, like in coolers, or maybe even blankets? But I need something that's good at insulating. Also, maybe the shape of the ice matters. I remember hearing that bigger ice cubes melt slower because they have less surface area relative to their volume. So maybe using larger chunks of ice would help?

Another thing is the environment. If you're in a really warm place, maybe putting the ice in a shaded area instead of direct sunlight would help. Or using a fan to circulate cooler air? Wait, but a fan might actually help evaporative cooling, but if it's just blowing warm air, maybe not. Hmm, not sure about that one.

What about wrapping the ice in a material that slows down heat transfer? Like aluminum foil? I think that's used in some insulation because it reflects heat. Maybe using a combination of materials? Like a layer of foil and then some bubble wrap or something else to trap air, since air is a good insulator.

Also, the initial temperature of the ice matters. If the ice is really cold, maybe starting with very cold ice would make it last longer? But how do you get that? Maybe using dry ice? Wait, but dry ice is CO2 solid, which is way colder and might be overkill, plus it's not easy to get for regular use. So maybe that's not practical.

Another idea: if you have the ice submerged in water, maybe the water acts as a buffer? Because the water around the ice would absorb some heat before it gets to the ice itself. But I'm not sure if that's the case. Maybe the water just conducts heat faster?

Oh, right, using a container with a lid to prevent warm air from getting in. A sealed container would help keep the cold air in and warm air out. So a cooler with a good seal is better than an open container.

What about the type of container material? Metal conducts heat better than plastic, so a plastic container would be better than a metal one. Wait, but some coolers are metal but insulated on the inside. So the material matters but with insulation, it's better.

Also, maybe adding salt to the ice? Wait, salt lowers the melting point of ice, so that would make it melt faster, which is the opposite of what we want. So that's a bad idea here.

Another thought: if you have a layer of something insulating between the ice and the environment. Like putting the ice in a bag inside another bag, with some padding in between. Maybe using a vacuum flask, which has a vacuum between two walls to prevent heat transfer. But that's expensive.

Oh, and maybe pre-cooling the container before adding ice? If the container is already cold, then when you put the ice in, it doesn't have to cool down the container first, so it stays colder longer. That makes sense.

So putting all these ideas together: use an insulated container, like a cooler with good insulation and a tight seal. Use larger ice cubes or blocks since they melt slower. Keep the container in a shaded area away from direct sunlight and warm air. Maybe wrap the ice in insulating materials like bubble wrap or aluminum foil. Pre-cool the container before adding the ice. Avoid opening the container too often to let warm air in. Also, if possible, add some extra insulation around the container, like a blanket or towels.

Wait, but I should check if all these points are correct. For example, does a vacuum flask really help for ice? Since it's designed to keep things cold, yes. But regular people might not have one. Also, the surface area to volume ratio is definitely a factor. So using bigger pieces of ice is better. The environment factors like shade and avoiding direct heat sources are important. Wrapping in materials that are good insulators, like foam, foil, or even cloth. But some materials might not be as effective. Also, the container's material matters. Plastic is better than metal for insulation if it's not insulated. So a well-insulated cooler is the best bet.

Another thing: if you can't get a cooler, maybe using a container with a lid and wrapping it in a thick towel or blanket. The more layers, the better. Also, maybe adding some dry ice if available, but that's not common."
Explain why a metal spoon feels colder than a wooden spoon at the same room temperature.,"Okay, so I need to explain why a metal spoon feels colder than a wooden spoon even when they're both at the same room temperature. Hmm, I remember from school that it has something to do with how different materials conduct heat. Let me think. Metals are good conductors, right? So maybe when you touch the metal spoon, it conducts heat away from your hand faster than wood does. But wait, if they're both at the same temperature, why does one feel colder? Oh, right! It's about the rate of heat transfer.

So, when you touch something, your body is constantly producing heat, and the spoon is absorbing some of that. Since metal is a better conductor, it takes the heat from your hand more quickly. That rapid transfer makes your brain think the metal is colder, even though the actual temperature is the same as the wooden spoon. Wood, being a poor conductor, doesn't pull heat away as fast, so it feels warmer. 

Wait, but I should make sure I'm not mixing up conduction with other heat transfer methods. Convection and radiation might not be factors here because it's just the spoon in the air at room temp. So yeah, conduction is the key. The thermal conductivity of the materials plays a big role here. Metals have free electrons that move easily, allowing heat to conduct through them faster. Wood's structure is more insulating, so it doesn't conduct heat as well. 

Another point might be the specific heat capacity, but I think that's more about how much heat is needed to change the temperature of the material. Since both are at the same temp, maybe that's not the main factor here. The key is the rate of heat transfer. So, when you touch the metal, your hand loses heat faster, so you perceive it as colder. The sensation is due to the immediate heat loss. 

I should also mention that this is a common misconception because people think the spoon's temperature is different, but in reality, it's the thermal conductivity affecting the heat transfer rate. Maybe add an example, like why metal chairs feel cold even if they're the same temp as the air. Yeah, that's similar. So, putting it all together: the metal's higher thermal conductivity leads to faster heat transfer from your hand, making it feel colder than wood, which conducts heat more slowly.
</think>

A metal spoon feels colder than a wooden spoon at the same room temperature due to differences in **thermal conductivity** and **heat transfer rates**, not because of a difference in actual temperature. Here's the breakdown:

1. **Thermal Conductivity**:  
   - Metals like stainless steel or aluminum are **excellent thermal conductors**. They have free electrons that move easily, rapidly transferring heat from areas of higher temperature to lower ones.  
   - Wood, on the other hand, is a **poor thermal conductor**. Its molecular structure (e.g., cellulose fibers) and lack of free electrons slow down heat transfer.

2. **Heat Transfer to Your Hand**:  
   When you touch either spoon, your skin transfers heat to the spoon. Since metal conducts heat **much faster**, it draws heat away from your hand **quickly**, creating a rapid cooling sensation.  
   Wood, by contrast, absorbs heat slowly, so your hand doesn’t lose as much warmth as fast, making it feel warmer in comparison.

3. **Perception vs. Temperature**:  
   Even though both spoons are at the same room temperature, the **rate of heat loss from your skin** determines the sensation. Your brain interprets the faster heat loss from metal as ""colder,"" while the slower heat loss from wood feels ""warmer.""

4. **Example in Context**:  
   This principle applies to other materials too—like why metal doorknobs or chairs feel colder than plastic ones, even at the same ambient temperature.

In summary, the metal spoon’s higher thermal conductivity causes faster heat transfer from your hand, creating the illusion that it’s colder, while the wood’s lower conductivity retains the sensation of warmth."
What are two safe ways to cross a busy street?,"Okay, the user is asking for two safe ways to cross a busy street. Let me think about this. First, I should recall the standard safety advice for crossing streets. The primary methods I know are using crosswalks and traffic signals. Let me break that down.

First, crosswalks. They are designated areas where pedestrians are supposed to cross. So the first point would be to use a crosswalk. But why is that safe? Because drivers are more likely to expect pedestrians there, and there might be signs or signals. Also, making sure to look both ways even if there's a signal, just in case.

Second, following traffic signals. Like waiting for the walk signal. But maybe also mentioning pedestrian signals specifically. Also, making eye contact with drivers to ensure they see you. That's important because sometimes cars might not stop even if the light is red.

Wait, the user asked for two ways, so maybe crosswalk with traffic signals is one, and another could be using a pedestrian bridge or underpass? But that's infrastructure-dependent. Alternatively, the second method could be following the steps: stop, look left-right-left, listen, etc. But the user wants two distinct methods. Let me check standard advice again.

The standard advice is: 1. Use crosswalks and obey traffic signals. 2. If no crosswalk, find the safest spot, but still look and listen. Hmm, maybe the second safe way is to always stop at the curb, wait for a gap in traffic, make sure drivers see you, and cross quickly. Wait, but maybe the two main ones are crosswalk with signals and using available infrastructure like bridges. But perhaps the user expects the basic two steps. Let me verify.

Another angle: the first is using marked crosswalks with traffic lights, the second is using pedestrian signals (like the walking man) and waiting for the signal. Or maybe the second is to always make eye contact with drivers, even at crosswalks. Wait, perhaps the two safest ways are 1. Using crosswalks with traffic signals, and 2. Cross only when the walk signal is on and traffic has stopped. Or maybe the second is to avoid jaywalking and always use designated crossings. Alternatively, another way is to use pedestrian bridges or underpasses if available. But the question says ""two safe ways"", so maybe the top two are crosswalks with signals and using available structures. Let me structure it clearly. The user might want the most basic two: 1. Use crosswalks and obey traffic signals. 2. Look in all directions and ensure drivers see you before crossing. Hmm, but perhaps more precise. Let me think of official sources. For example, the pedestrian safety tips from NHTSA: use crosswalks, obey signals, make eye contact, etc. So maybe the two main points are using crosswalks with signals, and making sure drivers see you by making eye contact. Alternatively, the two could be using crosswalks and pedestrian signals, and the second is to not cross between parked cars or other blind spots. Wait, perhaps the two are: 1. Use crosswalks and traffic signals. 2. Wait for a clear gap in traffic and make sure drivers see you. Alternatively, maybe the second is to cross at intersections with traffic lights. Hmm. Let me check. The key is to provide two distinct methods. So crosswalk with signals, and the second could be using a pedestrian overpass or underpass if available. Since not all places have those, maybe the second is to follow the steps of stopping, looking left-right-left, waiting for a safe gap, and crossing quickly. But the question says ""safe ways"", so perhaps the two main ones are using designated crosswalks and following traffic signals, and the second is to use pedestrian bridges or tunnels when available. Alternatively, the second is to always stop, look, listen, and ensure drivers see you before crossing, even at crosswalks. Maybe the user wants the standard two: crosswalks with signals and using available infrastructure. Let me confirm. Alternatively, the two safest ways are: 1. Use a crosswalk and obey the pedestrian signals. 2. Make eye contact with drivers to ensure they see you before stepping into the street. That's two specific actions. Alternatively, the first is using a crosswalk, the second is waiting for the walk signal. Maybe the answer combines those. Hmm, perhaps the two are: 1. Use a crosswalk with a traffic signal and wait for the walk sign. 2. If no signals, find a well-lit area, look left-right-left, and cross when it's clear. But the user might want two distinct methods rather than one with an alternative. Let me go with the first two: crosswalk with signals and using pedestrian bridges/underpasses. Alternatively, the first"
A plant near a window is leaning toward the sunlight. Why might that happen?,"Okay, so I need to figure out why a plant near a window is leaning toward the sunlight. Let me start by recalling what I know about plants and their growth. I remember something about plants growing towards the light, maybe phototropism? Let me think.

Phototropism is when plants grow towards a light source, right? So, the part of the plant that's closer to the light grows slower than the part away from the light, causing it to bend towards the light. But wait, how does that work exactly? I think it has to do with hormones like auxins. Auxins accumulate on the side away from the light, which causes those cells to elongate more, making the plant bend towards the light. 

But why would the plant do this? Probably to maximize light exposure for photosynthesis. If the plant is near a window, the light is coming from one direction, so the plant leans to get as much light as possible. But maybe there's more to it. Could it also be that the light is not strong enough, so the plant is stretching to reach it? That might lead to etiolation, where plants grow tall and spindly. 

Wait, but the question is specifically about leaning toward the window. So phototropism is the main reason here. Also, maybe the plant isn't getting enough light, so it's trying to get more. If the window is the only light source, the plant will naturally grow towards it. Over time, if not rotated, it could become lopsided. 

Are there other factors? Maybe the plant is in a spot where the light is coming in at an angle, so it's following the direction of light over time. Also, maybe the plant is a species that naturally grows towards light more aggressively. 

I should also consider if there's any other tropism involved, like gravitropism, but that's about growing against gravity. Since the leaning is towards light, phototropism is the key here. 

So putting it all together, the plant is leaning because of phototropism, driven by auxins, to maximize light absorption for photosynthesis. The window provides directional light, so the plant bends towards it. If the light is too one-sided, the plant might become unhealthy if not rotated. 

Wait, maybe I should mention the specific hormone, auxin, and the process. Also, maybe note that this is an adaptive response to optimize growth conditions. 

Hmm, I think that covers it. Let me check if there's anything else. Maybe the intensity of light? If the light is too weak, the plant might stretch more, but the leaning is specifically the direction. Yeah, phototropism is the main answer here.
</think>

The plant is leaning toward the sunlight due to a process called **phototropism**, which is its natural response to grow toward a light source. Here's a detailed breakdown:

1. **Phototropism Mechanism**:  
   - Plants contain light-sensitive hormones called **auxins**, which accumulate on the side of the stem **away from the light**. This causes the cells on the shaded side to elongate more rapidly than those on the light-facing side, bending the plant toward the light.  
   - This directional growth ensures the plant maximizes its exposure to sunlight for **photosynthesis**, the process by which it produces energy.

2. **Adaptive Advantage**:  
   - By leaning toward the light, the plant optimizes its ability to capture sunlight, crucial for growth and survival. If the light source (e.g., a window) is the only one available, the plant will continue bending until it receives adequate light.

3. **Potential Effects**:  
   - **Etiolation**: Prolonged exposure to low or one-sided light may cause the plant to become tall and spindly (etiolation) as it stretches to reach the light.  
   - **Imbalanced Growth**: Over time, the plant may become lopsided if not rotated or if the light source isn’t adjusted.  

4. **Practical Tips**:  
   - To prevent excessive leaning, rotate the plant periodically or ensure it receives light from multiple directions. This helps maintain even growth and prevents the plant from becoming overly stressed or misshapen.

In summary, the leaning is an adaptive response to ensure the plant gets enough light for survival, driven by phototropism and auxin distribution."
"If you need to open a jar with a tight lid, what could you try, and why might it help?","Okay, so I need to figure out how to open a jar that has a really tight lid. Hmm, I've had this problem before. Let me think... I remember sometimes when the lid is stuck, you can't just twist it normally. Maybe using some force? But how?

Wait, I think people sometimes use hot water. Like, run the lid under hot water? Maybe that makes the metal expand? Because metals expand when heated, right? So if the lid is metal, heating it might make it expand a bit, and then when it cools, it contracts, but maybe the initial expansion helps break the seal? Or maybe the opposite? Wait, actually, maybe the lid shrinks when cooled, but if the jar is glass, which doesn't expand as much, so heating the lid would make it expand, breaking the seal. That might help. 

Alternatively, I've heard of using a rubber band around the lid for better grip. But that's more about getting a better grip rather than loosening the lid itself. So maybe that's not the main solution here.

Another idea is using a rubber jar opener tool. Those are like a handle that you put over the lid to get more leverage. But if you don't have one, maybe using a towel or cloth to get a better grip? But again, that's more about grip than loosening.

Oh, the rubber band might help in getting a better grip, but maybe not the main method. Wait, another thing is hitting the lid. Like tapping it with a knife or something? But that could break the jar or the lid. Not sure.

I think the most common advice is to run hot water over the lid. Let me think why that works. The metal lid expands when heated, but the glass jar expands less. So the difference in expansion would cause the lid to loosen? Or maybe the heat breaks the vacuum seal. If the jar was sealed tightly, maybe there's a vacuum inside, so when you heat the lid, the air inside expands, increasing pressure, which might pop the seal. Wait, but heating the lid might not do that. Alternatively, maybe cooling the lid? Like putting ice on it? If the lid contracts, then the glass stays the same, so the lid would loosen. Wait, maybe that's the case. Let me think again.

Wait, if the lid is stuck because the seal is tight, maybe due to a vacuum. So if you heat the lid, the metal expands, but the glass expands too, but less. Wait, actually glass expands a little, but metal expands more. So if you heat the lid, the metal expands, so the lid becomes a bit bigger, so the seal might break because the lid is now slightly larger? Or maybe the air inside heats up and creates pressure. Hmm, not sure. Alternatively, maybe if you run hot water over the lid and then twist, the thermal expansion difference between the lid and the jar could help. Or maybe the heat softens any residue or something making it easier?

Alternatively, using a cloth and twisting with more force. But that could lead to slipping. Maybe using a rubber mallet to tap the lid? But that's risky.

Wait, another method I've heard is placing the jar under hot water and then immediately under cold water. The sudden temperature change might cause the lid to contract, breaking the seal. But I'm not sure about the exact mechanism here.

Alternatively, using a rubber band around the lid to get a better grip, then twisting with a towel. Or maybe using a wider object like a potato peeler or a rubber jar opener tool. But those are tools you might not have.

Wait, the user is asking what you could try and why it might help. So the main methods are probably the hot water, maybe the rubber band, or using leverage. Let me structure the possible answers:

1. Run hot water over the lid: The heat causes the metal lid to expand, breaking the seal. Or the glass expands less, so the lid's expansion makes it easier to twist. Wait, actually, when you heat the lid, since metal expands more than glass, the lid's outer part would expand, but the glass stays the same. Wait, but the lid is screwed on, so maybe the threads expand, making it easier? Or the expansion breaks the vacuum seal by letting air in, so the pressure equalizes?

Wait, maybe another angle: the vacuum inside the jar creates a suction. If you heat the lid, the air inside expands, increasing pressure, which might pop the seal. Once the seal is broken, the pressure equalizes, and you can twist it open. That makes sense. So heating the lid would warm the air inside, causing expansion, which breaks the vacuum.

Alternatively, putting the jar in hot water for a bit, then twisting. That might work better.

Another method is hitting the lid with"
"Why does a wet floor become slippery, and what should someone do to reduce the risk of falling?","Okay, so I need to figure out why a wet floor is slippery and what someone can do to reduce the risk of falling. Let me start by thinking about why wet surfaces are slippery. Maybe it's because water reduces friction? But I'm not entirely sure. Friction is the force that opposes sliding between two surfaces, right? So if the floor is wet, maybe the water acts as a lubricant between the shoe and the floor, making it harder to grip. That makes sense, but I should check if there's more to it.

Another thought: maybe when the floor is wet, the water fills in the tiny gaps and irregularities on the surface, which are usually what provide traction. So without those irregularities, the foot or shoe can't get a good grip. But then again, why isn't all wet surfaces slippery? Like, a wet sidewalk might be slippery, but a wet grassy area isn't. Maybe the material of the surface matters. The type of flooring could influence slipperiness. For example, tiles are more slippery when wet than, say, carpet.

Also, maybe the amount of water matters. A little water might not be as slippery as a lot. Or maybe it's the angle of the surface. If the floor is sloped, water might accumulate more, making it worse. But the question is about a general wet floor, not specific cases.

Now, the second part is about reducing the risk of falling. What do people usually do? I've seen signs that say ""Wet Floor"" to warn people. So awareness is one part. Then maybe using non-slip mats or rugs where possible. Or cleaning up the water quickly. Maybe wearing shoes with good traction, like non-slip soles. Or walking carefully, taking small steps, not running. Maybe even using handrails if available.

Wait, but I should structure this properly. First, the reason for slipperiness: reduced friction due to water acting as a lubricant. Then, possible solutions: warning signs, cleaning up water, using mats, wearing proper footwear, being cautious in movement.

But I need to make sure the explanation is accurate. Maybe there's a scientific term for the phenomenon. Like, hydroplaning? But that's usually for cars on roads. Maybe similar concept where a layer of water between the foot and surface prevents direct contact. Also, the contact area might be reduced because water is in between, so less friction.

Another angle: the coefficient of friction between the shoe and the floor decreases when wet. The coefficient is lower when surfaces are wet, so the friction force is less, making slipping more likely. So the main reason is lower friction due to the presence of water reducing the effective contact between the surfaces.

For reducing risk: the solutions would aim to increase friction or prevent the water from creating that slippery layer. So using mats with high friction, drying the floor, wearing shoes with better grip, taking precautions like walking slowly and not sliding.

I should also mention that the type of floor matters. For example, polished marble is more slippery when wet than rough concrete. So maybe using textured or non-slip flooring in areas prone to wetness.

Wait, but the question is about what someone can do, so individual actions rather than structural changes. So as an individual, you can walk carefully, use handrails, avoid rushing, maybe even remove shoes if possible? Or if you're responsible for the area, put down mats or signs.

I think that's the gist. Need to organize these thoughts into a coherent answer.
</think>

A wet floor becomes slippery primarily due to reduced friction between the surface and the footwear. Here's a detailed explanation and recommendations to mitigate the risk:

### **Why Wet Floors Are Slippery**
1. **Reduced Friction**: 
   - Water acts as a lubricant, creating a thin layer between the sole of the shoe and the floor. This reduces the **coefficient of friction**, making it harder to maintain grip.
   - The water fills in microscopic surface irregularities that normally provide traction, effectively smoothing the contact area between the foot and floor.

2. **Hydroplaning Effect**: 
   - Similar to how water causes tires to lose contact with the road, a wet floor can create a temporary ""hydroplaning"" effect, where the foot slides over the water layer instead of gripping the surface.

3. **Surface Material**: 
   - Smooth surfaces (e.g., polished tiles, metal, or marble) are more prone to slipperiness when wet, while textured or rough surfaces (e.g., rubber, carpet) retain better grip even when damp.

---

### **How to Reduce the Risk of Falling**
1. **Immediate Actions**:
   - **Walk Carefully**: 
     - Move slowly, take small steps, and avoid sudden movements. Keep your center of gravity low by bending your knees slightly.
     - Avoid running or walking quickly"
"Describe how you would prepare a simple cup of tea, from heating the water to serving it.","Okay, so I need to describe how to prepare a simple cup of tea, from heating the water to serving it. Let me think through this step by step. First, I should start by listing the materials needed. Probably a teapot or a kettle, a cup, tea leaves or a tea bag, and water. Maybe a teaspoon for stirring? Wait, but some people might just use a mug instead of a teapot. Hmm.

Alright, the first step would be to heat the water. The user mentioned heating the water, so maybe using a kettle? Or maybe a stove if they don't have an electric kettle. But most people probably use an electric kettle these days. So, step one: boil water. But the temperature might matter depending on the tea type. Wait, the question says a simple cup, so maybe just general instructions. Maybe mention that different teas require different temperatures, but for simplicity, just say bring water to a boil.

Next, put the tea in the cup or pot. If using a tea bag, just put it in the cup. If loose leaves, maybe in a strainer or a pot. But since it's simple, maybe assume a tea bag. So step two: place the tea bag or loose tea into the cup or pot. 

Then pour the hot water over the tea. Wait, but timing is important too. Let it steep. How long? Maybe 3-5 minutes for black tea, but again, since it's simple, just say let it steep for a few minutes. Then remove the tea bag or strain the leaves. 

After that, add any desired additives like sugar, milk, lemon, etc. But the question says ""simple,"" so maybe just mention optional additions. Then serve it in a cup. Wait, but if you already poured it into the cup, maybe that's the serving step. 

Wait, let me outline the steps again to make sure I don't miss anything. 

1. Boil water.
2. Place tea in cup or pot.
3. Pour hot water over it.
4. Steep for a few minutes.
5. Remove tea.
6. Add sweeteners or milk if wanted.
7. Serve.

Hmm, maybe the order of steps could be clearer. Also, some people might prefer to warm the cup first, but that's probably an extra step. Since it's a simple method, maybe skip that. 

Wait, when using a teapot, you might steep the tea in the pot and then pour into the cup. But if using a cup directly with a tea bag, it's simpler. So perhaps the instructions can be general enough to cover both methods. 

Another point: the water temperature. If the user is using an electric kettle, it might boil to 100°C, but some teas like green tea require lower temps. But again, since it's simple, maybe just say boil the water and adjust if needed. 

Also, the amount of tea: maybe a teaspoon per cup? But again, variable. 

So putting it all together in order, step by step, making sure each step is clear. Let me try writing it out now.
</think>

Here's a simple step-by-step guide to preparing a cup of tea:

1. **Gather Materials**:  
   - A kettle (electric or stovetop), a cup or teapot, tea leaves or a tea bag, and fresh water. Optional: sugar, milk, or lemon.

2. **Heat the Water**:  
   - Fill the kettle with fresh water and bring it to a boil. For most black or green teas, use freshly boiled water (adjust temperature if needed: green tea prefers 80–85°C/176–185°F, black tea can take near-boiling).  

3. **Prepare the Tea Container**:  
   - Place a tea bag or 1–2 teaspoons of loose tea leaves into the cup or a strainer in the teapot.  

4. **Steep the Tea**:  
   - Pour the hot water over the tea. For a cup, fill it directly; for a pot, pour over the leaves. Let it steep:  
     - **Black tea**: 3–5 minutes.  
     - **Green tea**: 1–3 minutes (avoid over-steeping).  
     - Adjust time to taste (stronger or milder).  

5. **Remove the Tea**:  
   - After steeping, remove the tea bag or strain out the leaves to stop the brewing.  

6. **Add Add-Ins (Optional)**:  
   - Sweeten with sugar, honey, or add milk, lemon, or cream if desired. Stir gently.  

7. **Serve**:  
   - Pour the tea into your cup (if using a pot) and enjoy immediately while it’s hot.  

**Pro Tip**:"
